<app>
	<id>com.sergeymaysak.boxee.github.exuatv</id>
	<name>EX.UA TV</name>
	<version>0.60</version>
	<description>EX.UA TV v0.60 Streams ex.ua content to Boxee.</description>
	<thumb>https://raw.githubusercontent.com/sergeymaysak/ex-ua-boxee-tv/master/boxee/icon.png</thumb>
	<repository>https://raw.githubusercontent.com/sergeymaysak/ex-ua-boxee-tv/master/boxee/</repository>
	<repositoryid>com.sergeymaysak.boxee.github</repositoryid>
	<media>video</media>
	<copyright>sergey.maysak</copyright>
	<email>sergey.maysak@gmail.com</email>
	<type>skin</type>
	<startWindow>14000</startWindow>
	<platform>all</platform>
	<minversion>0.9.20</minversion>
   <!--test-app>true</test-app-->
</app>
