<app>
	<id>com.ex-ua-boxee-tv.googlecode.exuatv</id>
	<name>EX.UA TV</name>
	<version>0.1</version>
	<description>EX.UA TV v0.1.22 Access and plays ex.ua content from Boxee.</description>
	<thumb>http://ex-ua-boxee-tv.googlecode.com/svn/trunk/boxee/icon.png</thumb>
	<repository>http://ex-ua-boxee-tv.googlecode.com/svn/trunk/boxee</repository>
   <repositoryid>com.ex-ua-boxee-tv.googlecode</repositoryid>
	<media>video</media>
	<copyright>sergey.maysak</copyright>
	<email>sergey.maysak@gmail.com</email>
	<type>skin</type>
	<startWindow>14000</startWindow>
	<platform>all</platform>
	<minversion>0.9.20</minversion>
</app>
